fid,site_code,name,parent_context,parent_id,type,chron_orig,c_appr,typology,c_notes,site_name_brain,macro_context_name,site_id,source_type,source,bibliography,region,province,q_e,chronology_iccd,parent_chronology_iccd
"10",CLA22,Roma - Sant'Omobono (sacred),,,macro,,"1",sacred,,Roma - Sant'Omobono,,"283",external project,OSM,"Costantini, L.,_Costantini Biasini, L._1989_ I vegetali dell’area sacra di S. Omobono. G. Pisani Sartorio, P. Virgili et G. Ioppolo (éd.), Il viver quotidiano in Roma arcaica_Materiali dagli scavi del Tempio Arcaico nell’area sacra di S. Omobono, Rome_61-64 ; Costantini, L._2002_Italia centro-meridionale_Storia dell’agricoltura italiana, 1_221-233",Lazio,Roma,en,,"Eneolitico ; Età del Ferro ; Periodo Arcaico (Roma) ; Periodo Repubblicano (Roma)"
"15",CLA26,Roma - Ss. Quattro Coronati (settlement),,,macro,,"1",settlement,,Roma - Ss. Quattro Coronati,,"287",external project,OSM,"Masi, A.,_Sadori, L.,_Pugliese, R._2012_Il contributo degli studi archeobotanici alle indagini archeologiche: l’esempio dello scavo dell’ex portico_Dal cantiere dei Ss. Quattro Coronati a Roma. Note di storia e restauro per Giovanni Carbonara_141-154 ; Moricca, C.,_Alhaique, F.,_Barelli, L.,_Masi, A.,_Morretta, S.,_Pugliese, R.,_Sadori, L._2018_Early arrival of New World species enriching the biological assemblage of the Santi Quattro Coronati Complex (Rome, Italy)_INTERDISCIPLINARIA ARCHAEOLOGI",Lazio,Roma,qt,"Early modern ; Età del Bronzo finale","Early modern ; Eneolitico ; Età del Bronzo ; Medioevo ; Periodo Moderno"
"17",CLA31,Roma - Centocelle - Area T. 505 (settlement),,,macro,,"3",settlement,"<!DOCTYPE HTML PUBLIC ""-//W3C//DTD HTML 4.0//EN"" ""http://www.w3.org/TR/REC-html40/strict.dtd"">
<html><head><meta name=""qrichtext"" content=""1"" /><style type=""text/css"">
p, li { white-space: pre-wrap; }
</style></head><body style="" font-family:'MS Shell Dlg 2'; font-size:7.8pt; font-weight:400; font-style:normal;"">
<p style="" margin-top:0px; margin-bottom:0px; margin-left:0px; margin-right:0px; -qt-block-indent:0; text-indent:0px;"">NULL</p></body></html>",Roma - Centocelle - Area T. 505,,"292",,,"Larocca, F.,_Celant, A._2004_L’occupazione arcaica e altorepubblicana. Area T. 14: risultati delle ricerche archeobotaniche_Centocelle I, Roma SDO Le indagini archeologiche_287-287",Lazio,Roma,qt,,"Mesolitico ; Periodo Arcaico (Roma) ; Periodo Repubblicano (Roma)"
"19",CLA34,Roma - Quadrato di Torre Spaccata (settlement),,"19",macro,,"3",settlement,"<!DOCTYPE HTML PUBLIC ""-//W3C//DTD HTML 4.0//EN"" ""http://www.w3.org/TR/REC-html40/strict.dtd"">
<html><head><meta name=""qrichtext"" content=""1"" /><style type=""text/css"">
p, li { white-space: pre-wrap; }
</style></head><body style="" font-family:'MS Shell Dlg 2'; font-size:7.8pt; font-weight:400; font-style:normal;"">
<p style="" margin-top:0px; margin-bottom:0px; margin-left:0px; margin-right:0px; -qt-block-indent:0; text-indent:0px;"">NULL</p></body></html>",Roma - Quadrato di Torre Spaccata,,"295",,,"Castelletti, L._1986_I resti vegetali dallo scavo dell'abitato_Gli Etruschi di Tarquinia. Catalogo della Mostra_381-383 ; Cazzella, A.,_Moscoloni, M._1999_CONELLE DI ARCEVIA. UN INSEDIAMENTO ENEOLITICO NELLE MARCHE. Gangemi_vol I_209-211 ; Celant, A._1995_ Macroresti vegetali del livello neolitico nell’insediamento di Quadrato di Torre Spaccata (Roma)_Origini, 10_277-286 ; Celant, A._2002_Ricerche paleobotaniche nel villaggio eneolitico di Le Cerquete-Fianello (Maccarese, Fiumicino)_Le dune, il ",Lazio,Roma,en,"Early modern ; Media età del Ferro ; Neolitico Finale ; Prima età del Ferro","Eneolitico ; Età del Bronzo ; Età del Ferro ; Neolitico ; Neolitico Finale ; Periodo Moderno"
"32",CLA42,Anguillara Sabazia La Marmotta (underwater),,,macro,,"3",underwater,"<!DOCTYPE HTML PUBLIC ""-//W3C//DTD HTML 4.0//EN"" ""http://www.w3.org/TR/REC-html40/strict.dtd"">
<html><head><meta name=""qrichtext"" content=""1"" /><style type=""text/css"">
p, li { white-space: pre-wrap; }
</style></head><body style="" font-family:'MS Shell Dlg 2'; font-size:7.8pt; font-weight:400; font-style:normal;"">
<p style="" margin-top:0px; margin-bottom:0px; margin-left:0px; margin-right:0px; -qt-block-indent:0; text-indent:0px;"">NULL</p></body></html>",Anguillara Sabazia - La Marmotta,,"303",,,"Beccaccioli, M.,_Moricca, C.,_Faino, L.,_Reale, R.,_Mineo, M.,_Reverberi, M._2023_The Neolithic site “La Marmotta”: DNA metabarcoding to identify the microbial deterioration of waterlogged archeological wood_Frontiers in Microbiology, 14, 1129983_1-10 ; Costantini, L._2002_Italia centro-meridionale_Storia dell’agricoltura italiana, 1_221-233 ; Delpino, M. A. F.,_Mauro, N._2014_La seconda imbarcazione monossile del villaggio neolitico de La Marmotta_Navis 5, Archeologia, Storia, Etnologia Navale_",Lazio,Roma,en,"Età altoimperiale ; Età del Bronzo finale ; Età del Bronzo medio ; Età del Bronzo recente ; Media età del Ferro ; Neolitico Iniziale","Età del Bronzo ; Età del Ferro ; Mesolitico ; Neolitico ; Neolitico Iniziale ; Periodo Imperiale (Roma) ; Periodo Orientalizzante ; Tarda Antichità ; da identificare"
"65",CLA52,Lago di Bolsena - Gran Carro (underwater),,,macro,,"3",settlement,"<!DOCTYPE HTML PUBLIC ""-//W3C//DTD HTML 4.0//EN"" ""http://www.w3.org/TR/REC-html40/strict.dtd"">
<html><head><meta name=""qrichtext"" content=""1"" /><style type=""text/css"">
p, li { white-space: pre-wrap; }
</style></head><body style="" font-family:'MS Shell Dlg 2'; font-size:7.8pt; font-weight:400; font-style:normal;"">
<p style="" margin-top:0px; margin-bottom:0px; margin-left:0px; margin-right:0px; -qt-block-indent:0; text-indent:0px;"">NULL</p></body></html>",Lago di Bolsena - Gran Carro,,"313",,,"Costantini, L.,_Biasini, L. C.,_Scali, S._1997_Significato e limiti della ricerca archeobotanica nel sito del Gran Carro, Bolsena (Vt)_Forma lacus antique, Atti 3 Seminario di Geoarcheologia. Bollettino di Studi e Ricerche XII_39-58 ; Costantini, L.,_Costantini Biasini, L._1987_Bolsena-Gran Carro. I resti vegetali. L’alimentazione nel Mondo Antico (Gli Etruschi)_Ministerio per i Beni Culturali e Ambientali: Roma, Italy_83-87 ; Costantini, L._2002_Italia centro-meridionale_Storia dell’agricoltura",Lazio,Viterbo,en,"Alto Medioevo ; Età altoimperiale ; Età del Bronzo finale ; Età del Bronzo recente ; Periodo Tardo Repubblicano (Roma) ; Proto-Villanoviano","Età del Bronzo ; Età del Bronzo finale ; Età del Bronzo recente ; Età del Ferro ; Medioevo ; Periodo Imperiale (Roma) ; Periodo Repubblicano (Roma) ; Proto-Villanoviano ; Villanoviano"
"69",CLA57,Tarquinia (undet.),,,macro,,"3",settlement,,Tarquinia,,"318",,,"Bedini, E.,_Rottoli, M.,_Fornaciari, G.,_Mallegni, F.,_Liborio, G._1997_Analisi di laboratorio. Tarquinia: testimonianze archeologiche e ricostruzione storica: scavi sistematici nell'abitato: campagne 1982-1988_Tarchna/Università degli studi di Milano 1_91-144 ; Rottoli, M._2001_Analisi botaniche_Tarquinia Etrusca. Una nuova storia_59-61",Lazio,Viterbo,en,Periodo Etrusco Arcaico,"Periodo Etrusco ; Periodo Etrusco Arcaico"
"70",CLA57,Tarquinia (sacred),,,macro,,"3",sacred,,Tarquinia,,"318",,,"Bedini, E.,_Rottoli, M.,_Fornaciari, G.,_Mallegni, F.,_Liborio, G._1997_Analisi di laboratorio. Tarquinia: testimonianze archeologiche e ricostruzione storica: scavi sistematici nell'abitato: campagne 1982-1988_Tarchna/Università degli studi di Milano 1_91-144 ; Bonghi Jovino, M.,_Bagnasco Gianni, G._2005_Offerte dal regno vegetale e dal regno animale nelle manifestazioni del sacro_atti dell'incontro di studio, Milano, 26-27 giugno 2003_113-122 ; Chiesa, F._2005_Un rituale di fondazione nell'are",Lazio,Viterbo,en,"Periodo Etrusco Arcaico ; Prima Repubblica (Roma) ; Seconda età del Ferro","Età del Ferro ; Periodo Etrusco ; Periodo Etrusco Arcaico ; Periodo Repubblicano (Roma) ; Prima Repubblica (Roma) ; Seconda età del Ferro"
"81",CLA58,Tarquinia - Palazzo Vitelleschi (settlement) ,,,macro,,"3",settlement,,Tarquinia - Palazzo Vitelleschi,,"319",,,"Clark, G.,_Costantini, L.,_Finetti, A.,_Giorgi, J.,_Jones, A.,_Reese, D.,_Sutherland, S.,_Whitehouse, D._1989_The food refuse of an affluent urban household in the late fourteenth century: Faunal and botanical remains from the Palazzo Vitelleschi, Tarquinia (Viterbo)_Papers of the British School at Rome, 57_200-321",Lazio,Viterbo,en,"Basso Medioevo ; Neolitico Medio","Basso Medioevo ; Medioevo ; Neolitico"
"84",CLA72,Santa Severa - Pyrgi - well (settlement),,,macro,,"3",underwater,,,,"827",,,"Kodýdková, K.,_Beneš, J.,_Komárková, V.,_Paclíková, K._2013_Pilot archaeobotanical analysis of the sediment the well 112 in Pyrgi, Santa Severa_Archaeologia maritima mediterranea: International Journal on Underwater Archaeology: 10, 2013_181-190",Lazio,Roma,qt,"Età del Bronzo antico ; Età del Bronzo finale ; Periodo Etrusco Arcaico","Età del Bronzo ; Neolitico ; Periodo Etrusco ; Periodo Etrusco Arcaico"
"91",CMA1,Senigallia (settlement),,,macro,,"3",settlement,,Senigallia,,"458",,,"Lepore, G.,_Ciuccarelli, M. R.,_Assenti, G.,_Belfiori, F.,_Boschi, F.,_Carra, M.,_Visani, F._2012_Progetto “archeologia urbana a Senigallia” I: le ricerche di via Cavallotti_FOLD&R_248, 1-19",Marche,Ancona,en,"Età del Bronzo finale ; Età del Bronzo medio ; Periodo Tardo Repubblicano (Roma)","Età del Bronzo ; Neolitico ; Periodo Arcaico (Roma) ; Periodo Repubblicano (Roma) ; Periodo Tardo Repubblicano (Roma) ; da identificare"
"96",CMA3,Suasa (settlement),,,macro,,"3",settlement,,Suasa,,"460",,,"Carra, M._2010_Castello di Gerione: l’utilizzo delle risorse vegetali. Analisi dei macroresti prelevati nelle campagne di scavo 2008 e 2009_Castello di Gerione. Ricerche topografiche e scavi. Atlante tematico di Topografia Antica_159-174 ; Giorgi, E.,_Lepore, G.,_Carra, M._2010_Archeologia nella valle del Cesano da Suasa a Santa Maria in Portuno_Atti del Convegno per i venti anni di ricerche dell’Università di Bologna (Castelleone di Suasa, Corinaldo, San Lorenzo in Campo, 18-19 dicembre 2008), ",Marche,Ancona,en,"Età altoimperiale ; Età del Bronzo finale ; Età tardoimperiale","Età del Bronzo ; Età tardoimperiale ; Medioevo ; Periodo Imperiale (Roma) ; Periodo Repubblicano (Roma) ; Rinascimento"
"101",CMO3,Gerione (settlement),,,macro,,"3",settlement,,Gerione,,"467",,,"Carra, M._2010_Castello di Gerione: l’utilizzo delle risorse vegetali. Analisi dei macroresti prelevati nelle campagne di scavo 2008 e 2009_Castello di Gerione. Ricerche topografiche e scavi. Atlante tematico di Topografia Antica_159-174",Molise,Campobasso,en,Basso Medioevo,"Basso Medioevo ; Medioevo ; Rinascimento"
"105",CTO11,Podere Marzuolo (settlement),,,macro,,"3",settlement,,Podere Marzuolo,,"648",,,"Mercuri, A.M.,_Rattighieri, E.,_Rinaldi, R._2021_The Roman Peasant Project 2009-2014: Excavating the Roman Rural Poor (Vol. 154)_University of Pennsylvania Press_317-336",Toscana,Grosseto,qt,"Età altoimperiale ; Età del Bronzo finale ; Periodo Tardo Repubblicano (Roma)","Età altoimperiale ; Età del Bronzo ; Periodo Imperiale (Roma) ; Periodo Repubblicano (Roma) ; Periodo Tardo Repubblicano (Roma)"
"112",,Stagno - Pratini dell'Argin Traverso (settlement),,,macro,,"3",settlement,,Stagno - Pratini dell'Argin Traverso,,,,,"Giachi, G.,_Secci, M. M.,_Pignatelli, O.,_Gambogi, P.,_Lippi, M. M._2010_The prehistoric pile-dwelling settlement of Stagno (Leghorn, Italy): wood and food resource exploitation_Journal of Archaeological Science, 37(6)_1260-1268",,,qt,"Età altoimperiale ; Età del Bronzo finale ; Età del Bronzo recente","Età del Bronzo ; Età del Bronzo finale ; Età del Bronzo recente ; Periodo Imperiale (Roma)"
"117",CAB1,Trench 8000,,,macro,,"3",settlement,,Acquachiara,,"2",,,"Shelton, C. P._2009_Food, Economy, and Identity in the Sangro River Valley, Abruzzo, Italy, 650 BC-AD 150_ProQuest_1-361",Abruzzo,Chieti,en,"Early modern ; Età altoimperiale ; Età tardoimperiale ; Ortucchio (facies) ; Prima Repubblica (Roma) ; Prima età del Ferro ; cultura Sannita","Eneolitico ; Età del Ferro ; Medioevo ; Periodo Imperiale (Roma) ; Periodo Moderno ; Periodo Repubblicano (Roma) ; Prima Repubblica (Roma) ; Rinascimento ; Tarda Antichità ; cultura Sannita"
"118",CAB1,Trench 10000,,,macro,,"3",settlement,,Acquachiara,,"2",,,"Shelton, C. P._2009_Food, Economy, and Identity in the Sangro River Valley, Abruzzo, Italy, 650 BC-AD 150_ProQuest_1-361",Abruzzo,Chieti,en,"Età altoimperiale ; Età tardoimperiale ; Prima età del Ferro","Età altoimperiale ; Età del Ferro ; Medioevo ; Periodo Imperiale (Roma) ; Periodo Repubblicano (Roma) ; Tarda Antichità"
"202",CAB6,Celano - Le paludi (settlement),,,macro,,"3",settlement,,Alba Fucens,,"1",,,"Costantini, L._2002_Italia centro-meridionale_Storia dell’agricoltura italiana, 1_221-233 ; Coubray, S._1991_Indagini paletnobotaniche presso il sito abruzzese di età protostorica delle Paludi di Celano_""Atti del Convegno di Archeologia” Il Fucino e le aree limitrofe nell’antichità, Avezzano 1989_174-198",Abruzzo,L'Aquila,en,Età del Bronzo medio,"Età del Bronzo ; Età del Bronzo medio"
"211",CLA1,Selva dei Muli (settlement),,,macro,,"3",settlement,,Selva dei Muli,,"264",,,"Celant, A._2011_Antracologia, utilizzazione del legno e ricostruzione paleoambientale dell’insediamento eneolitico di Selva dei Muli (Frosinone)_ORIGINI, 33_233-237",Lazio,Frosinone,qt,"Alto Medioevo ; Gaudo (facies) ; Laterza (facies)","Eneolitico ; Gaudo (facies) ; Laterza (facies) ; Medioevo"
"227",CLA7,Rieti - Cures Sabini (settlement),,,macro,,"3",settlement,,,,"849",,,"Costantini, L.,_Costantini Biasini, L._1988_Paleoetnobotanica - Nota preliminare_Cures Sabini: risultati della sesta campagna di scavo. Archeologia Laziale IX, QuadAEI (16)_331-332 ; Costantini, L._2002_Italia centro-meridionale_Storia dell’agricoltura italiana, 1_221-233",Lazio,Rieti,en,"Alto Medioevo ; Seconda età del Ferro","Età del Ferro ; Medioevo ; Seconda età del Ferro"
"252",CLA15,Roma - Fori Imperial (sacred),,,macro,,"1",sacred,,Roma - Fori Imperiali,,"276",external project,OSM,"Costantini, L.,_ Giorgi, J._2001_Charred plant remains of the Archaic period from the Forum and Palatine_Journal of Roman Archaeology, 14_239-248 ; Costantini, L.,_Giorgi, J.A_2009_The charred plant remains_Supplements to the Memoirs of the American Academy in Rome, 8_ 125-151 ; Giachi; G.; Secci; M. M.; Pignatelli; O.; Gambogi; P.; Lippi; M. M.. 2010.0. ""The prehistoric pile-dwelling settlement of Stagno (Leghorn, Italy): wood and food resource exploitation"" ; Vaccaro; E.; Ghisleni; M.; Arnoldu",Lazio,Roma,en,"Basso Medioevo ; Età altoimperiale ; Prima Repubblica (Roma)","Età altoimperiale ; Medioevo ; Periodo Arcaico (Roma) ; Periodo Imperiale (Roma) ; Periodo Orientalizzante ; Periodo Repubblicano (Roma) ; Prima Repubblica (Roma) ; Tarda Antichità"
"258",CLA15,Roma - Fori Imperial (undet.),,,macro,,"1",undet.,,Roma - Fori Imperiali,,"276",external project,OSM,"Costantini, L.,_ Giorgi, J._2001_Charred plant remains of the Archaic period from the Forum and Palatine_Journal of Roman Archaeology, 14_239-248 ; Costantini, L._2002_Italia centro-meridionale_Storia dell’agricoltura italiana, 1_221-233",Lazio,Roma,en,Seconda età del Ferro,"Età del Ferro ; Periodo Arcaico (Roma)"
"259",CLA15,Roma - Fori Imperial (settlement),,,macro,,"1",settlement,,Roma - Fori Imperiali,,"276",external project,OSM,"Costantini, L.,_ Giorgi, J._2001_Charred plant remains of the Archaic period from the Forum and Palatine_Journal of Roman Archaeology, 14_239-248 ; Costantini, L.,_Giorgi, J.A_2009_The charred plant remains_Supplements to the Memoirs of the American Academy in Rome, 8_ 125-151 ; Vaccaro; E.; Ghisleni; M.; Arnoldus-Huyzendveld; A.; Grey; C.; Bowes; K.; MacKinnon; M.; Mercuri; A.M.; Pecci; A.; Cau Ontiveros; M.A.; Rattigheri; E.; Rinaldi; R.. 2013.0. ""Excavating the Roman peasant II: excavations a",Lazio,Roma,en,"Età altoimperiale ; Prima Repubblica (Roma) ; Prima età del Ferro ; Seconda età del Ferro","Età altoimperiale ; Età del Ferro ; Medioevo ; Periodo Arcaico (Roma) ; Periodo Imperiale (Roma) ; Periodo Repubblicano (Roma) ; Prima Repubblica (Roma) ; Prima età del Ferro"
"286",CLA17,Roma - Foro Romano - Sepolcreto Arcaico (funerary),,,macro,,"1",funerary,,Roma - Foro Romano - Sepolcreto Arcaico,,"278",external project,OSM,"Van Kampen, I.,_Rathje, A.,_Celant, A.,_Follieri, M.,_De GrossiI Mazzorin, J.,_Minniti, C._2005_The pre-Republican habitation layers of the Via sacra in Giacomo Boni’s excavation of the sepolcreto arcaico_Papers in Italian Archaeology VI, Communities and Settlements from the Neolithic to the Early Medieval Period (Vol. 1452)_745-753",Lazio,Roma,qt,,"Medioevo ; Periodo Arcaico (Roma)"
"299",CLA20,Roma - Palatino - Tempio Magna Mater (sacred),,,macro,,"1",sacred,,Roma - Palatino - Tempio Magna Mater,,"281",external project,OSM,"Coletti, F.,_Celant, A.,_Pensabene Perez, P._2006_Ricerche archeologiche e paleoambientali sul Palatino tra l’età arcaica e la tardoantichità–primi risultati_Innovazioni tecnologiche per i beni culturali in Italia. Atti del convegno Pàtron_557-564",Lazio,Roma,en,"Alto Medioevo ; Età altoimperiale ; Età tardoimperiale","Età altoimperiale ; Età tardoimperiale ; Medioevo ; Periodo Imperiale (Roma) ; Tarda Antichità"
"308",CLA23,Roma - Colosseum (settlement),,,macro,,"1",settlement,,Roma - Colosseum,,"284",external project,OSM,"Celant, A.,_Follieri, M._1992_Archaeobotany of the East sewer of the Colosseum_OFP Informations ; Follieri, M._1975_Resti vegetali microscopici nel collettore ovest del Colosseo_Annali di botanica_34 ; Giachi; G.; Secci; M. M.; Pignatelli; O.; Gambogi; P.; Lippi; M. M.. 2010.0. ""The prehistoric pile-dwelling settlement of Stagno (Leghorn, Italy): wood and food resource exploitation""",Lazio,Roma,en,Età del Bronzo medio,"Età del Bronzo ; Età del Ferro ; Neolitico ; Periodo Orientalizzante ; Tarda Antichità"
"315",CLA24,Roma - Valle del Colosseo (settlement),,,macro,,"3",settlement,,Roma - Valle del Colosseo,,"285",,,"Celant, A.,_Magri, D._1999_Archaeobotanical study of a sediment core from the Colosseum valley_Riassunti 94° Congresso della Società Botanica Italiana_40",Lazio,Roma,en,Basso Medioevo,"Medioevo ; Periodo Imperiale (Roma)"
"317",CLA25,Roma - Arco di Costantino (settlement),,,macro,,"1",settlement,,Roma - Arco di Costantino,,"286",external project,OSM,"Celant, A.,_Altieri, A._1995_Ricerche archeobotaniche da una fossa medievale presso l’Arco di Costantino (Roma)_Giornale Botanico Italiano, 129_224-224",Lazio,Roma,en,Basso Medioevo,"Medioevo ; Rinascimento"
"321",CLA27,Roma - Testaccio - Nuovo Mercato (settlement),,,macro,,"1",settlement,,Roma - Testaccio - Nuovo Mercato,,"288",external project,OSM,"Stellati, A.,_Colaianni, G.,_Fiorentino, G.,_Sebastiani, R.,_Contino, A._2013_Land use and crop production in the urban area of Rome: new data from the “Nuovo Mercato” of Monte Testaccio (Rome, Italy)_In 16th Conference of the International Work Group for Palaeoethnobotany-Abstract Book_158-159",Lazio,Roma,en,Età del Bronzo finale,"Età del Bronzo ; da identificare"
"379",CLA38,Fiumicino - Portus (underwater),,,macro,,"3",underwater,,Fiumicino - Portus,,"299",,,"Pepe, C.,_Giardini, M.,_Giraudi, C.,_Masi, A.,_Mazzini, I.,_Sadori, L._2013_Plant landscape and environmental changes recorded in marginal marine environments: the ancient Roman harbour of Portus (Rome, Italy)_Quaternary International, 303_73-81 ; Sadori, L.,_Giardini, M.,_Giraudi, C.,_Mazzini, I._2010_The plant landscape of the imperial harbour of Rome_Journal of Archaeological Science, 37(12)_1-12",Lazio,Roma,en,Età tardoimperiale,"Età tardoimperiale ; Medioevo ; Periodo Imperiale (Roma)"
"400",CLA40,Lago Albano - Villaggio delle Macine (underwater),,,macro,,"3",underwater,,Lago Albano - Villaggio delle Macine,,"301",,,"Carra, M.,_Cattani, L.,_Rizzi, M._2007_L’economia di sussistenza al Villaggio delle Macine (Castel Gandolfo, Roma) su basi paleocarpologiche_Atti della XL Riunione Scientifica “Strategie di insediamento fra Lazio e Campania in età preistorica e protostorica”. ISTITUTO ITALIANO DI PREISTORIA E PROTOSTORIA_775-786",Lazio,Roma,en,"Età del Bronzo antico ; Età del Bronzo medio","Età del Bronzo ; Età del Bronzo antico ; Età del Bronzo medio ; Medioevo"
"402",CLA41,Allumiere - La Fontanaccia (settlement),,,macro,mid 5th century A.D.,"1",settlement,"The site yielded the remains of a substantial terraced villa from the Roman period, probably abandoned in the early 2nd century AD. All the archaeobotanical remains come from a modest rural house built among the villa’s rubble and dating to the 5th century AD. 
It is unfortunately impossible to determine the precise location of the individual contexts ‘Because [...] the archaeobotanical material, all preserved by charring, was recovered from the hut floor without using a grid system.",Allumiere - La Fontanaccia,,"302",,,"Sadori, L.,_Susanna, F._2005_Hints of economic change during the late Roman Empire period in central Italy: a study of charred plant remains from “La Fontanaccia”, near Rome_Vegetation History and Archaeobotany, 14_386-393",Lazio,Roma,en,"Alto Medioevo ; Età altoimperiale","Medioevo ; Periodo Imperiale (Roma) ; Periodo Repubblicano (Roma) ; Tarda Antichità"
"429",CLA43,Anguillara Sabazia - Mura de Santo Stefano (sacred),,,macro,,"3",sacred,,Anguillara Sabazia - Mura de Santo Stefano,,"304",,,"Costantini, L.,_Costantini, L.,_Napolitano, G.,_Whitehouse, D._1983_Cereali e legumi medievali provenienti dalle mura di Santo Stefano. Anguillara Sabazia (Roma)_Archeologia Medievale, 10, 393-414 ; Van de Noort, R., Whitehouse, D., Becker, M. J., Blagg, T., Burnett, D., Caruso, I., ... & Sutherland, S. (2009). Excavations at Le Mura di Santo Stefano, Anguillara Sabazia. Papers of the British School at Rome, 77, 159-223",Lazio,Roma,en,Basso Medioevo,"Basso Medioevo ; Medioevo"
"442",CLA46,Santa Severa - Castello (funerary),,,macro,,"3",funerary,,Santa Severa - Castello,,"307",,,"Susanna, F.,_Enei, F._2013_Studio archeobotanico di macroresti provenienti dal sito di Santa Severa. Primi risultati. Santa Severa—Tra leggenda e realtà storica_Viterbo, Italy: Ceccarelli Editrice Srl_234-236",Lazio,Roma,qt,"Alto Medioevo ; Basso Medioevo","Alto Medioevo ; Medioevo ; Rinascimento"
"499",CLA53,Valentano - Santa Maria (settlement),,,macro,,"3",settlement,,Valentano - Santa Maria,,"314",,,"Masi, A.,_Rossi, F.,_Petitti, P.,_Sadori, L._2009_Studio antracologico di campioni provenienti dallo scavo della Chiesa di Santa Maria a Valentano (VT): elementi per lo studio dell’utilizzo del legno in contesti medievali_ Intervento presentato al convegno 104 Congresso Nazionale della Società Botanica Italiana ; Sadori, L.,_Celauro, F.,_Gobbi, E.,_Masi, A.,_Paganelli, M.,_Petitti, P.,_Rossi, F.,_Sabato, D._2013_A Medieval-Renaissance picture of common and aristocratic use of plants at Valentano",Lazio,Viterbo,en,"Basso Medioevo ; Età del Bronzo medio","Basso Medioevo ; Età del Bronzo ; Medioevo ; Periodo Moderno"
"505",CLA54,Valentano - Rocca Farnese (settlement),,,macro,,"3",settlement,,Valentano - Rocca Farnese,,"315",,,"Sadori, L.,_Celauro, F.,_Gobbi, E.,_Masi, A.,_Paganelli, M.,_Petitti, P.,_Rossi, F.,_Sabato, D._2013_A Medieval-Renaissance picture of common and aristocratic use of plants at Valentano (northern Latium, central Italy)_Abstract IWGP_156",Lazio,Viterbo,en,Basso Medioevo,"Medioevo ; Rinascimento"
"510",CLA56,Blera - Le Pozze (settlement),,,macro,,"3",settlement,,Blera - Le Pozze,,"317",,,"Costantini, L.,_Giorgi, J. A._1987_Blera. I resti vegetali. L’alimentazione nel mondo antico_Gli Etruschi, Ministerio per i Beni Culturali e Ambientali 2) Ministerio per i Beni Culturali e Ambientali, Roma_83-87 ; Costantini, L._2002_Italia centro-meridionale_Storia dell’agricoltura italiana, 1_221-233",Lazio,Viterbo,en,Prima Repubblica (Roma),"Periodo Repubblicano (Roma) ; Prima Repubblica (Roma)"
"626",CLA73,Santa Severa - Pyrgi - temples (sacred),,"78",macro,,"3",sacred,,,,"828",,,"Follieri, M.,_Coccolini, G.B.L.,_1980_I legni dei pozzi del tempio A nel santuario etrusco di Pyrgi (S. Severa, Roma)_Studi etruschi, 48_277-29",Lazio,Roma,qt,"Età del Bronzo finale ; Età del Bronzo recente ; Periodo Etrusco Arcaico","Età del Bronzo ; Periodo Etrusco ; Periodo Etrusco Arcaico ; Periodo Imperiale (Roma)"
"641",CLA76,Fidene (settlement),,,macro,,"3",settlement,,Fidene,,"255",,,"Celant, A.,_De Santis, A._Merlo, R.,_De Grossi Mazzorin, J.,_1998_Fidene: una casa dell'Età del ferro. Mondadori Electa_1-47",Lazio,Roma,en,,Età del Ferro
"649",CLA88,Lago di Caterno (underwater),,,macro,,"3",underwater,,Leopoli - Cencelle,,"835",,,"Costantini, L._2002_Italia centro-meridionale_Storia dell’agricoltura italiana, 1_221-233",Lazio,Frosinone,en,"Età del Bronzo finale ; Età del Bronzo medio","Età del Bronzo ; Età del Bronzo medio"
"671",CLA89,Sant'Antonio - Cereveteri (funerary),,,macro,,"3",funerary,,,,"836",,,"Izzet, V. E._2000_The Etruscan sanctuary at Cerveteri, Sant'Antonio: preliminary report of excavations 1995–8_Papers of the British School at Rome, 68_321-335",Lazio,Viterbo,en,"Basso Medioevo ; Periodo Etrusco Arcaico","Medioevo ; Periodo Etrusco ; Periodo Etrusco Arcaico"
"672",CLA89,Sant'Antonio - Cereveteri (sacred),,,macro,,"3",sacred,,,,"836",,,"Izzet, V. E._2000_The Etruscan sanctuary at Cerveteri, Sant'Antonio: preliminary report of excavations 1995–8_Papers of the British School at Rome, 68_321-335",Lazio,Viterbo,en,"Alto Medioevo ; Basso Medioevo ; Neolitico Iniziale ; Periodo Etrusco Arcaico ; Prima Repubblica (Roma)","Età contemporanea ; Medioevo ; Neolitico ; Periodo Etrusco ; Periodo Etrusco Arcaico ; Periodo Moderno ; Periodo Repubblicano (Roma) ; Prima Repubblica (Roma) ; Rinascimento"
"731",CLA81,Leopoli - Cencelle (settlement),,,macro,,"3",settlement,,,,"260",,,"Stasolla, F. R., Bougard, F., & Ermini, L. P. (2012). Leopoli-Cencelle: il quartiere sud-orientale. Fondazione Centro italiano di studi sull'alto Medioevo. ; Stasolla, F. R.,_Bougard, F.,_Ermini, L. P._2012_Leopoli-Cencelle: il quartiere sud-orientale_Fondazione Centro italiano di studi sull'alto Medioevo.",Lazio,Viterbo,en,"Età del Bronzo medio ; Neolitico Finale","Età del Bronzo ; Medioevo ; Neolitico ; Periodo Imperiale (Roma)"
"748",CMA2,Madonna del Piano (settlement),,,macro,,"3",settlement,,Madonna del Piano,,"459",,,"Carra, M._2010_Il contributo dell’Archeobotanica: analisi paleocarpologica preliminare del saggio F_Archeologia nella Valle del Cesano da Suasa a Santa Maria in Portuno. Atti del Convegno per i venti anni di ricerche dell’Università di Bologna (Castelleone di Suasa, Corinaldo, San Lorenzo in Campo 18-19 Dicembre 2008)_Ante Quem_491-495 ; Giorgi, E.,_Lepore, G.,_Carra, M._2010_Archeologia nella valle del Cesano da Suasa a Santa Maria in Portuno_Atti del Convegno per i venti anni di ricerche dell’",Marche,Ancona,en,"Alto Medioevo ; Età tardoimperiale","Alto Medioevo ; Età tardoimperiale ; Medioevo ; Periodo Imperiale (Roma) ; Tarda Antichità"
"790",CMO2,Santa Maria in Civita (settlement),,,macro,,"3",settlement,,D85 - Santa Maria in Civita,,"466",,,"Van der Veen, M._1985_An early medieval hilltop settlement in Molise: the plant remains from D85_Papers of the British School at Rome, 53_211-224 ; Webley, D._ 1980_Excavations at D85 (Santa Maria in Civita): an early medieval hilltop settlement in Molise_Papers of the British School at Rome_48, 70-124",Molise,Campobasso,en,Alto Medioevo,"Alto Medioevo ; Medioevo"
"839",CMO5,San Vincenzo al Volturno (settlement),,,macro,,"3",settlement,,San Vincenzo al Volturno,,"469",,,"Carannante A.,_De Rubeis, F.,_Marazzi, F._2008_Monasteri in Europa occidentale, secoli VIII-XI: topografia e strutture_Proceedings of the International Conference (Castel San Vincenzo, September 23rd–26th 2004, Vol. 95)_385-403 ; Carannante, A.,_Marazzi, F.,_Gobbi, A._2007_Il lavoro nella Regola. L'approvvigionamento alimentare e il cantiere edile a San Vincenzo al Volturno fra IX e XI secolo_QUADERNI DELLA RICERCA SCIENTIFICA, SERIE BENI CULTURALI 8_1-268",Molise,Isernia,en,Alto Medioevo,"Alto Medioevo ; Medioevo"
"857",CTO2,Badia a Coltibuono - Cetamura (sacred),,,macro,,"3",sacred,,Badia a Coltibuono - Cetamura,,"639",,,"Cottini, M._2009_Archaeobotanical analysis in Zone II. The Sanctuary of the Etruscan Artisans at Cetamura del Chianti_The Legacy of Alvaro Tracchi_175-87",Toscana,Arezzo,en,Periodo Tardo Repubblicano (Roma),"Periodo Repubblicano (Roma) ; Periodo Tardo Repubblicano (Roma)"
"866",CTO3,Sesto Fiorentino (settlement),,,macro,,"3",settlement,,Sesto Fiorentino,,"640",,,"Carra, M._2006_Plant macroremains from Olmi 1 (Sesto Fiorentino, Florence). Preliminary study_Bell Beaker in Everyday Life. Proceedings of the 10th Meeting ‘‘Archéologie et Gobelets’’Held in Florence, Siena and Villanuova sul Chiusi_59-66",Toscana,Firenze,qt,Età del Bronzo antico,"Età del Bronzo ; Età del Bronzo antico ; da identificare"
"872",CTO5,Firenze - Via de' Castellani (settlement),,,macro,,"3",settlement,,Firenze - Via de' Castellani,,"642",,,"Mariotti Lippi, M.,_Bellini, C.,_Mori Secci, M.,_Gonnelli, T.,_Pallecchi, P._2015_Archaeobotany in Florence (Italy): landscape and urban development from the late Roman to the Middle Ages_Plant Biosystems-An International Journal Dealing with all Aspects of Plant Biology, 149(1)_216-227",Toscana,Firenze,qt,Basso Medioevo,"Basso Medioevo ; Medioevo"
"879",CTO6,Firenze (settlement),,,macro,,"3",settlement,,Firenze,,"643",,,"Lippi, M. M.,_Bellini, C.,_Secci, M. M.,_Gonnelli, T_2009_Comparing seeds/fruits and pollen from a Middle Bronze Age pit in Florence (Italy)_Journal of Archaeological Science, 36(5)_1135-1141 ; Lippi, M. M.,_Bellini, C.,_Secci, M. M.,_Gonnelli, T_2009_Comparing seeds/fruits and pollen from a Middle Bronze Age pit in Florence (Italy)_Journal of Archaeological Science, 36(5)_1135-1141 Mariotti Lippi, M.,_Bellini, C.,_Gonnelli, T.,_Secci, M.M.,_Pallecchi, P.,_2012_From ceuntryside to city: archaeob",Toscana,Firenze,en,"Età del Bronzo antico ; Età del Bronzo medio","Età del Bronzo ; Età del Bronzo medio"
"900",CTO10,Poggio Tondo - Pian d'Alma (settlement),,,macro,,"3",settlement,,Poggio Tondo - Pian d'Alma,,"647",,,"Lippi, M. M.,_Giachi, G.,_Paci, S.,_Di Tommaso, P. L._2000_Studi sulla vegetazione attuale e passata della Toscana meridionale (Follonica—Italia) e considerazioni sull'impatto ambientale dell'attività metallurgica etnisca nel VI—V secolo aC._Webbia, 55(2)_279-295 ; Mariotti, M.,_Di Tommaso, P. L.,_Giachi, G.,_Mori Secci, M.,_Paci, S._2003_Archaeobotanical investigations into an Etruscan farmhouse at Pian d’Alma (Grosseto, Italy)_Atti Della Società Toscana Di Scienze Naturali Residente In Pisa. M",Toscana,Grosseto,en,"Periodo Etrusco Arcaico ; Seconda età del Ferro","Età del Ferro ; Periodo Etrusco ; Periodo Etrusco Arcaico ; Seconda età del Ferro"
"983",CTO13,Poggio dell'Amore (settlement),,,macro,,"3",settlement,,Poggio dell'Amore,,"650",,,"Rattighieri, E.,_Rinaldi, R.,_Bowes, K._Mercuri, A. M._2013_Land use from seasonal archaeological sites: the archaeobotanical evidence of small Roman farmhouses in cinigiano, south-eastern Tuscany-central Italy_Annali di Botanica, 3_207-215. Mercuri, A. M.,_Rattighieri, E.,_Rinaldi, R._2020_Poggio dell'Amore-Botanical materials_The Roman Peasant Project 2009-2014. Excavating the Roman Rural Poor (Vol. 1,). University of Pennsylvania Museum of Archaeology and Anthropology_195-201",Toscana,Grosseto,en,Periodo Tardo Repubblicano (Roma),"Periodo Repubblicano (Roma) ; Periodo Tardo Repubblicano (Roma)"
"985",CTO14,Podere Terrato (settlement),,,macro,,"3",settlement,,Podere Terrato,,"651",,,"Mercuri, A. M.,_Rattighieri, E.,_Rinaldi, R._2020_San Martino-Botanical materials_The Roman Peasant Project 2009-2014. Excavating the Roman Rural Poor (Vol. 1). University of Pennsylvania Museum of Archaeology and Anthropology_173-179",Toscana,Grosseto,qt,"Età altoimperiale ; Periodo Tardo Repubblicano (Roma)","Età altoimperiale ; Periodo Imperiale (Roma) ; Periodo Repubblicano (Roma) ; Periodo Tardo Repubblicano (Roma)"
"992",CTO15,Case Nuove (settlement),,"78",macro,,"3",settlement,,Case Nuove,,"652",,,"Vaccaro, E.,_Ghisleni, M.,_Arnoldus-Huyzendveld, A.,_Grey, C.,_Bowes, K.,_MacKinnon, M.,_Mercuri, A.M.,_Pecci, A.,_Cau Ontiveros, M.A.,_Rattigheri, E.,_Rinaldi, R._2013_Excavating the Roman peasant II: excavations at Case Nuove, Cinigiano (GR) 1_Papers of the British School at Rome, 81_129-179",Toscana,Grosseto,qt,"Età altoimperiale ; Età tardoimperiale","Età altoimperiale ; Età tardoimperiale ; Medioevo ; Periodo Imperiale (Roma) ; Tarda Antichità"
"1053",CTO22,Donoratico (settlement),,,macro,,"3",settlement,,Donoratico,,"659",,,"Buonincontri, M.,_Allevato, E.,_Di Pasquale, G._2013_The problem of the alternating dominance of deciduous and evergreen vegetation: archaeo-anthracological data from Northern Maremma_Annali di Botanica, 3_165-171",Toscana,Livorno,qt,Basso Medioevo,"Basso Medioevo ; Medioevo ; Tarda Antichità"
"1087",,Gorfigliano (settlement),,,macro,,"3",settlement,,Gorfigliano,,,,,"Fontana, I. F.,_Menozzi, B. I.,_Montanari, C._2008_Charcoal as environmental and ethnological evidence from medieval archaeological sites in NW-Italy_Charcoals from the Past: Cultural and Palaeoenvironmental Implications: Proceedings of the Third International Meeting of Anthracology, Cavallino, Lecce (Italy), June 28th-July 1st 2004 (Vol. 1807)_105",,,qt,"Alto Medioevo ; Basso Medioevo ; Età del Bronzo finale ; Umbro-Picena (facies)","Alto Medioevo ; Basso Medioevo ; Eneolitico ; Età contemporanea ; Età del Bronzo ; Età del Ferro ; Medioevo ; Periodo Moderno ; Rinascimento"
"1109",CUM1,San Marco (settlement),,,macro,,"3",settlement,,San Marco,,"728",,,"Costantini L., Stancarelli M._1994_Origini: preistoria e protostoria delle civiltà antiche XVIII_pp. 149-244_Malone, C.,_Stoddart, S._1992_The neolithic site of San Marco, Gubbio (Perugia), Umbria: survey and excavation 1985–7_Papers of the British School at Rome, 60_1-69 ; Costantini L.,_Stancarelli M._1994_Origini: preistoria e protostoria delle civiltà antiche XVIII_149-244_Malone, C.,_Stoddart, S._1992_The neolithic site of San Marco, Gubbio (Perugia)_Umbria: survey and excavation 1985–7_Pap",Umbria,Perugia,qt,"Alto Medioevo ; Età altoimperiale ; Laterza (facies) ; Neolitico Iniziale ; Umbro-Picena (facies)","Eneolitico ; Età del Ferro ; Medioevo ; Neolitico ; Neolitico Iniziale ; Periodo Imperiale (Roma) ; Tarda Antichità"
"1157",CAB6,Alba Fucens - Sanctuary of Hercules,,"78",macro,late 5th–early 6th century AD,"3",sacred,,,,"1",,,"Moricca, C.,_Russo, G.,_Iamonico, D.,_Ceccaroni, E.,_Favero, G.,_Sadori, L._2024_Food and Environment During the Late Roman Age at the Site of Alba Fucens (Abruzzi, Italy)_Plants, 13(20), 2991 ; Moricca, C.,_Russo, G.,_Iamonico, D.,_Ceccaroni, E.,_Favero, G.,_Sadori, L._2024_Food and Environment During the Late Roman Age at the Site of Alba Fucens (Abruzzi, Italy)_Plants, 13(20), 3021 ; Moricca, C.,_Russo, G.,_Iamonico, D.,_Ceccaroni, E.,_Favero, G.,_Sadori, L._2024_Food and Environment During t",Abruzzo,L'Aquila,qt,Alto Medioevo,"Alto Medioevo ; Medioevo ; Tarda Antichità"
"1187",CTO27,Sorano - Filattiera - Phase IV,,,macro,III - IV sec. d.C.,"3",settlement,,,,"664",,,"Rottoli, M.,Negri, S._1986_I resti vegetali carbonizzati. Filattiera-Sorano: l’insediamento di età romana e tardo antica scavi, 1995 ; Rottoli, M.,_Negri, S._1986_I resti vegetali carbonizzati. Filattiera-Sorano: l�insediamento di et� romana e tardo antica scavi, 1995_198-212",Toscana,Massa Carrara,en,Età tardoimperiale,"Età tardoimperiale ; Periodo Imperiale (Roma) ; Tarda Antichità"
"1210",CTO27,Sorano - Filattiera - Phase VI,,,macro,II metà del II d.C. - III d.C.,"3",settlement,,,,"664",,,"Rottoli, M.,Negri, S._1986_I resti vegetali carbonizzati. Filattiera-Sorano: l’insediamento di età romana e tardo antica scavi, 1995 ; Rottoli, M.,_Negri, S._1986_I resti vegetali carbonizzati. Filattiera-Sorano: l�insediamento di et� romana e tardo antica scavi, 1995_198-212",Toscana,Massa Carrara,qt,Età altoimperiale,"Età altoimperiale ; Periodo Imperiale (Roma)"
"1233",CTO33,Montarrenti,,,macro,VIII - XII d.C.,"3",settlement,,,,"670",,,"Cantini, F._2003_Il Castello di Montarrenti: lo scavo archeologico, 1982-1987: per la storia della formazione del villaggio medievale in Toscana, secc. VII-XV_213-215 ; Cantini, F._2003_Il Catello di Montarrenti: lo scavo archeologico, 1982-1987: per la storia della formazione del villaggio medievale in Toscana, secc. VII-XV5",Toscana,Siena,en,"Alto Medioevo ; Basso Medioevo","Alto Medioevo ; Basso Medioevo ; Medioevo"
"1247",CTO34,Miranduolo - Area 1,,,macro,IX - X century,"3",settlement,,,,"671",,,"Buonincontri, M. P.,_Di Falco, G.,_Moser, D.,_Donnini, D.,_Di Pasquale, G._2007_Il castello di Miranduolo (Siena): dati archeobotanici per il X-XI secolo_Atti Soc Nat Mat Modena, 137_355-372",Toscana,Siena,en,Alto Medioevo,"Alto Medioevo ; Medioevo"
"1253",CTO45,Cetamura del Chianti,,,macro,300 a.C. - 68 d.C.,"3",settlement,,,,"678",,,"Mariotti Lippi,_M., Mori Secci,_M., Giachi,G.,_Bouby, L.,_Terral, J. F.,_Castiglioni, E.,_Cottini, M.,_de Grummond, N. T._2020_Plant remains in an Etruscan-Roman well at Cetamura del Chianti, Italy_Archaeological and Anthropological Sciences, 12(1)_35",Toscana,Siena,en,"Età altoimperiale ; età ellenistica (cultura etrusca)","Età altoimperiale ; Periodo Etrusco ; Periodo Imperiale (Roma) ; da identificare ; età ellenistica (cultura etrusca)"
"5184",CTO37,S. Maria del Belvedere ,,"78",macro,,"3",settlement,"<!DOCTYPE HTML PUBLIC ""-//W3C//DTD HTML 4.0//EN"" ""http://www.w3.org/TR/REC-html40/strict.dtd"">
<html><head><meta name=""qrichtext"" content=""1"" /><style type=""text/css"">
p, li { white-space: pre-wrap; }
</style></head><body style="" font-family:'MS Shell Dlg 2'; font-size:7.8pt; font-weight:400; font-style:normal;"">
<p style="" margin-top:0px; margin-bottom:0px; margin-left:0px; margin-right:0px; -qt-block-indent:0; text-indent:0px;"">NULL</p></body></html>",,,"674",,,"Carra, M. L.,_Cattani, L.,_Zanni, C._2003_Aspetti paletnobotanici dell'area insediativa protostorica di S. Maria in Belverde sul Monte Cetona (Siena)_Rivista di scienze preistoriche_53_505-518",Toscana,Siena,qt,"Età del Bronzo antico ; Età del Bronzo finale ; Età del Bronzo medio ; appenninica (cultura)","Età del Bronzo ; Età del Bronzo antico ; Età del Bronzo finale ; Età del Bronzo medio ; appenninica (cultura)"
"5208",cto50,Certosa di Calci,,"78",macro,XV - XX sec. d.C.,"2",sacred,"<!DOCTYPE HTML PUBLIC ""-//W3C//DTD HTML 4.0//EN"" ""http://www.w3.org/TR/REC-html40/strict.dtd"">
<html><head><meta name=""qrichtext"" content=""1"" /><style type=""text/css"">
p, li { white-space: pre-wrap; }
</style></head><body style="" font-family:'MS Shell Dlg 2'; font-size:7.8pt; font-weight:400; font-style:normal;"">
<p style="" margin-top:0px; margin-bottom:0px; margin-left:0px; margin-right:0px; -qt-block-indent:0; text-indent:0px;"">NULL</p></body></html>",,,"634",satellite,OSM,,Toscana,Pisa,en,,"Early modern ; Età contemporanea"
"5245",CTO54,Gonfienti,,,macro,Middle Bronze Age-,"3",settlement,,,,,,,"Ciani, F.,_Attolini, D.,_Bellini, C.,_Mori Secci, M.,_Gonnelli, T.,_Pallecchi, P.,_Mariotti Lippi, M._2018_Archeobotanical investigations in the ancient city of Gonfienti, Italy (Bronze Age, Iron Age)_In METROLOGY FOR ARCHAEOLOGY AND CULTURAL HERITAGE_Institute of Electrical and Electronics Engineers_489-493",,,qt,,Età del Bronzo medio
"5278",CLA85,Roma - Basilica Iulia - Navata centrale della Basilica Iulia,,,macro,,"3",settlement,,,,,,,"Primavera, M_2023_I resti vegetali dai contesti pre-augustei e augustei_Basilica Iulia I Gli scavi di Laura Fabbrini (1960-1964) Strutture, stratigrafie e materiali dalla prima età repubblicana alla costruzione augustea_Ege Yayınları_497-502",,,en,,"Età altoimperiale ; Periodo Etrusco Arcaico ; Prima Repubblica (Roma)"
